{
  "label": "final",
  "loss_by_modality": {
    "events": 5.358416728995508e-06,
    "grid": 5.745742600993253e-05,
    "signal": 0.00027631776174530387,
    "text": 9.887656233331654e-06
  },
  "step": 150000,
  "wall_time_unix": 1783251563.440403
}
