{
  "label": "scheduled",
  "loss_by_modality": {
    "events": 5.7112860679626465,
    "grid": 0.4215173125267029,
    "signal": 2.863909959793091,
    "text": 5.389882564544678
  },
  "step": 0,
  "wall_time_unix": 1783247047.998326
}
