{
  "label": "scheduled",
  "loss_by_modality": {
    "events": 1.3652948837261647e-05,
    "grid": 0.0001958508655661717,
    "signal": 0.0026797475293278694,
    "text": 1.8013632143265568e-05
  },
  "step": 55331,
  "wall_time_unix": 1783248848.030127
}
