{
  "label": "scheduled",
  "loss_by_modality": {
    "events": 6.5601807364146225e-06,
    "grid": 0.008683235384523869,
    "signal": 0.0010414894204586744,
    "text": 7.95385585661279e-06
  },
  "step": 109452,
  "wall_time_unix": 1783250648.050498
}
